Kullanıcı Adı,Yorum,Tarih/Saat,Beğeni Sayısı,Retweet Sayısı,Konum
daisy55,Koronavirüsten korunmak için maske takmayı ihmal etmeyin.,2025-03-06 21:39:00,84,16,Kellyberg
elizabeth59,Koronavirüsten korunmak için maske takmayı ihmal etmeyin.,2025-04-19 15:43:51,30,13,Johnsonside
reginachapman,Sağlıklı yaşamak çok önemli.,2024-12-20 11:22:21,72,8,North Julieshire
powershenry,Sağlıklı yaşamak çok önemli.,2024-08-31 20:33:58,28,2,South Alicia
martinezrachel,"Grip aşısını yaptırmak, virüsün yayılmasını önlemek için önemlidir.",2024-12-29 14:50:01,44,49,Carterview
daniel14,"Grip aşısını yaptırmak, virüsün yayılmasını önlemek için önemlidir.",2025-03-01 16:50:03,87,46,New Amandahaven
rmartinez,"Grip aşısını yaptırmak, virüsün yayılmasını önlemek için önemlidir.",2024-08-03 05:12:43,99,37,East Marcus
westamanda,Dengeli beslenmek ve yeterli su tüketmek vücudumuz için çok önemlidir.,2025-07-21 04:18:37,71,2,Stewartchester
richard90,"Grip aşısını yaptırmak, virüsün yayılmasını önlemek için önemlidir.",2024-11-08 19:06:29,65,9,Tannerhaven
joseph23,Dengeli beslenmek ve yeterli su tüketmek vücudumuz için çok önemlidir.,2025-04-07 23:31:19,12,16,New James
christianhall,Sağlıklı yaşamak çok önemli.,2025-07-08 12:06:12,52,45,Cynthiaburgh
cameronsarah,Sağlıklı yaşamak çok önemli.,2024-07-31 06:34:25,76,43,North Elizabethshire
heatherromero,Koronavirüsten korunmak için maske takmayı ihmal etmeyin.,2025-05-05 11:27:50,98,8,Garzaside
robertahoffman,Koronavirüsten korunmak için maske takmayı ihmal etmeyin.,2025-01-15 19:27:12,6,0,New Robertchester
davidwest,Koronavirüsten korunmak için maske takmayı ihmal etmeyin.,2025-06-19 23:55:53,31,50,Knightstad
williamsonmichael,Dengeli beslenmek ve yeterli su tüketmek vücudumuz için çok önemlidir.,2025-03-24 18:24:32,82,36,Brownfurt
eric78,Dengeli beslenmek ve yeterli su tüketmek vücudumuz için çok önemlidir.,2024-11-09 23:24:52,55,14,Sarahport
thomasstone,Koronavirüsten korunmak için maske takmayı ihmal etmeyin.,2025-07-19 15:48:46,55,30,East Ryan
gregory88,Koronavirüsten korunmak için maske takmayı ihmal etmeyin.,2024-11-15 03:45:10,20,43,Shannonton
kaylalarson,"Grip aşısını yaptırmak, virüsün yayılmasını önlemek için önemlidir.",2024-10-02 04:54:13,42,30,Port Jennifer
alexandermaria,Koronavirüsten korunmak için maske takmayı ihmal etmeyin.,2025-05-23 11:07:37,21,43,West Kathleen
sandersvictoria,Dengeli beslenmek ve yeterli su tüketmek vücudumuz için çok önemlidir.,2024-09-16 13:22:32,39,3,Jamesburgh
millsveronica,Her gün en az 30 dakika egzersiz yapmak sağlığımız için çok önemli.,2025-04-12 06:29:30,3,37,New Thomas
kaiserleroy,Her gün en az 30 dakika egzersiz yapmak sağlığımız için çok önemli.,2024-09-29 17:06:00,74,44,South Timothy
kayla10,"Grip aşısını yaptırmak, virüsün yayılmasını önlemek için önemlidir.",2024-11-08 01:09:53,38,40,Davenporttown
shawn53,Koronavirüsten korunmak için maske takmayı ihmal etmeyin.,2025-06-08 07:04:38,20,32,Lake Melissa
kathy61,"Grip aşısını yaptırmak, virüsün yayılmasını önlemek için önemlidir.",2024-11-13 13:42:23,91,37,Nathanielville
olivia05,Her gün en az 30 dakika egzersiz yapmak sağlığımız için çok önemli.,2025-05-28 02:59:42,21,32,Popefort
mark95,Sağlıklı yaşamak çok önemli.,2025-01-28 06:35:56,68,14,Lake Jeffrey
josephcarson,Her gün en az 30 dakika egzersiz yapmak sağlığımız için çok önemli.,2025-03-27 11:30:39,31,34,North Lisa
amanda98,Sağlıklı yaşamak çok önemli.,2025-03-08 17:39:56,37,38,Port Sarah
nicholas57,Her gün en az 30 dakika egzersiz yapmak sağlığımız için çok önemli.,2025-07-27 02:11:46,3,43,Stacytown
irodriguez,"Grip aşısını yaptırmak, virüsün yayılmasını önlemek için önemlidir.",2024-09-20 17:10:27,78,49,Port Jamiehaven
sara17,Dengeli beslenmek ve yeterli su tüketmek vücudumuz için çok önemlidir.,2024-08-04 16:51:22,87,0,Howardfort
thomaspineda,Koronavirüsten korunmak için maske takmayı ihmal etmeyin.,2025-05-15 14:06:22,83,44,East Markborough
lance37,Dengeli beslenmek ve yeterli su tüketmek vücudumuz için çok önemlidir.,2024-12-25 20:15:08,18,48,Frostview
christopherromero,Dengeli beslenmek ve yeterli su tüketmek vücudumuz için çok önemlidir.,2025-05-12 00:54:07,17,10,Rodriguezberg
featon,"Grip aşısını yaptırmak, virüsün yayılmasını önlemek için önemlidir.",2024-08-20 07:33:39,27,50,New Charleshaven
robert58,"Grip aşısını yaptırmak, virüsün yayılmasını önlemek için önemlidir.",2025-01-23 04:42:08,11,44,Mcdonaldfurt
fgilmore,Sağlıklı yaşamak çok önemli.,2024-09-09 12:45:12,8,21,Elizabethstad
vgreen,Her gün en az 30 dakika egzersiz yapmak sağlığımız için çok önemli.,2024-09-13 16:09:07,65,48,Mcbrideville
zjones,Dengeli beslenmek ve yeterli su tüketmek vücudumuz için çok önemlidir.,2025-04-15 21:57:34,76,46,Lake James
joywilkerson,Sağlıklı yaşamak çok önemli.,2025-03-24 19:28:07,29,9,South Brent
kramerlacey,"Grip aşısını yaptırmak, virüsün yayılmasını önlemek için önemlidir.",2024-12-06 20:49:12,18,38,Fitzgeraldfurt
legary,Her gün en az 30 dakika egzersiz yapmak sağlığımız için çok önemli.,2025-02-19 12:12:19,58,2,Lake Monica
williamsdanielle,Her gün en az 30 dakika egzersiz yapmak sağlığımız için çok önemli.,2025-03-03 15:03:23,44,27,West Steven
donald51,Sağlıklı yaşamak çok önemli.,2025-06-01 00:27:30,18,32,New Cindyborough
richard06,Koronavirüsten korunmak için maske takmayı ihmal etmeyin.,2024-08-16 01:44:52,87,45,New Ronald
keith63,Dengeli beslenmek ve yeterli su tüketmek vücudumuz için çok önemlidir.,2025-01-02 08:41:45,73,1,Harrisonport
haley86,Sağlıklı yaşamak çok önemli.,2024-10-19 00:15:49,33,26,Lake Nancy
amandabell,Koronavirüsten korunmak için maske takmayı ihmal etmeyin.,2024-08-03 06:00:25,8,40,Lake Raymond
vpetty,Her gün en az 30 dakika egzersiz yapmak sağlığımız için çok önemli.,2025-06-19 13:16:31,57,48,West Hannah
dguzman,Sağlıklı yaşamak çok önemli.,2025-07-07 05:03:26,71,11,Blackburnton
daniel38,Dengeli beslenmek ve yeterli su tüketmek vücudumuz için çok önemlidir.,2025-06-01 07:03:28,98,45,South Crystal
prhodes,"Grip aşısını yaptırmak, virüsün yayılmasını önlemek için önemlidir.",2025-03-14 01:00:40,26,43,Andrewberg
melanie27,"Grip aşısını yaptırmak, virüsün yayılmasını önlemek için önemlidir.",2024-09-17 11:00:42,39,5,Jenniferland
lbenjamin,Dengeli beslenmek ve yeterli su tüketmek vücudumuz için çok önemlidir.,2025-05-26 08:49:25,7,37,Crossport
watsoncheyenne,"Grip aşısını yaptırmak, virüsün yayılmasını önlemek için önemlidir.",2024-10-06 02:15:13,77,12,New Christopher
lisa33,Her gün en az 30 dakika egzersiz yapmak sağlığımız için çok önemli.,2025-05-05 02:54:36,51,4,Jessicafurt
christensenlance,"Grip aşısını yaptırmak, virüsün yayılmasını önlemek için önemlidir.",2025-06-22 06:08:14,89,39,Jamesbury
sarahmccoy,"Grip aşısını yaptırmak, virüsün yayılmasını önlemek için önemlidir.",2024-11-07 10:28:19,53,35,West Timothyborough
rodriguezcrystal,Sağlıklı yaşamak çok önemli.,2025-06-10 03:41:57,25,50,East Margaret
mariahyoung,Sağlıklı yaşamak çok önemli.,2025-05-06 14:52:31,12,6,Angelaville
erinfrancis,"Grip aşısını yaptırmak, virüsün yayılmasını önlemek için önemlidir.",2024-10-04 08:00:51,75,20,New Angelafurt
andreahale,"Grip aşısını yaptırmak, virüsün yayılmasını önlemek için önemlidir.",2025-04-02 12:36:32,8,34,Tateberg
mayjustin,Dengeli beslenmek ve yeterli su tüketmek vücudumuz için çok önemlidir.,2024-11-20 08:48:03,41,36,East Franciscoview
danielfloyd,Her gün en az 30 dakika egzersiz yapmak sağlığımız için çok önemli.,2025-05-08 13:41:44,45,20,Lake Jesse
mooreamber,Koronavirüsten korunmak için maske takmayı ihmal etmeyin.,2024-08-01 06:58:49,0,38,Lake Amyborough
lisariley,"Grip aşısını yaptırmak, virüsün yayılmasını önlemek için önemlidir.",2024-08-07 18:10:12,50,42,North Melissafurt
richardshaw,"Grip aşısını yaptırmak, virüsün yayılmasını önlemek için önemlidir.",2025-07-23 06:15:01,38,3,West Calebport
samuel32,"Grip aşısını yaptırmak, virüsün yayılmasını önlemek için önemlidir.",2024-12-27 16:54:36,100,32,West Janet
jenniferclark,Dengeli beslenmek ve yeterli su tüketmek vücudumuz için çok önemlidir.,2025-06-10 09:21:57,24,2,Melissaland
spearsmary,Her gün en az 30 dakika egzersiz yapmak sağlığımız için çok önemli.,2025-06-27 08:32:50,40,46,South Christinaborough
maria27,"Grip aşısını yaptırmak, virüsün yayılmasını önlemek için önemlidir.",2025-03-27 23:03:27,34,44,Sheenastad
lori11,Her gün en az 30 dakika egzersiz yapmak sağlığımız için çok önemli.,2025-07-06 23:50:09,88,7,Ramirezmouth
cmartinez,Her gün en az 30 dakika egzersiz yapmak sağlığımız için çok önemli.,2025-06-25 06:22:08,54,32,New Kathryn
flindsey,Koronavirüsten korunmak için maske takmayı ihmal etmeyin.,2025-06-10 08:57:07,66,31,Port Jack
juarezvicki,"Grip aşısını yaptırmak, virüsün yayılmasını önlemek için önemlidir.",2025-01-24 11:10:07,4,30,Lake Oscarstad
harriscraig,Her gün en az 30 dakika egzersiz yapmak sağlığımız için çok önemli.,2025-04-01 21:07:26,69,3,Kevinborough
xdouglas,Koronavirüsten korunmak için maske takmayı ihmal etmeyin.,2025-04-06 20:24:06,20,6,Andreside
deborah50,"Grip aşısını yaptırmak, virüsün yayılmasını önlemek için önemlidir.",2025-02-22 11:34:36,51,7,Port Bradleytown
sanchezshelley,Her gün en az 30 dakika egzersiz yapmak sağlığımız için çok önemli.,2024-08-27 09:44:55,10,11,East Michaelville
sarah98,"Grip aşısını yaptırmak, virüsün yayılmasını önlemek için önemlidir.",2024-10-23 05:23:25,81,46,West Danielton
ralph51,Koronavirüsten korunmak için maske takmayı ihmal etmeyin.,2025-04-01 06:03:10,55,36,West Leah
mmercer,Dengeli beslenmek ve yeterli su tüketmek vücudumuz için çok önemlidir.,2025-04-03 01:51:50,57,40,South Denise
tinaduran,Koronavirüsten korunmak için maske takmayı ihmal etmeyin.,2025-05-03 07:30:39,34,0,North Victoria
wgonzales,Sağlıklı yaşamak çok önemli.,2025-06-22 19:40:06,64,23,West Feliciahaven
bburton,Sağlıklı yaşamak çok önemli.,2025-01-02 15:40:32,49,24,Torrestown
bradleyashley,Dengeli beslenmek ve yeterli su tüketmek vücudumuz için çok önemlidir.,2025-04-07 05:53:33,38,34,Lake Andrewbury
burkebrittany,Koronavirüsten korunmak için maske takmayı ihmal etmeyin.,2024-09-01 19:05:58,54,26,Lake Candiceport
clarkalyssa,Her gün en az 30 dakika egzersiz yapmak sağlığımız için çok önemli.,2024-12-13 12:24:04,64,34,East Jose
ryanevans,Dengeli beslenmek ve yeterli su tüketmek vücudumuz için çok önemlidir.,2025-01-17 03:57:47,69,45,Mooremouth
garystevens,Dengeli beslenmek ve yeterli su tüketmek vücudumuz için çok önemlidir.,2024-09-06 22:47:16,21,8,East Samantha
floresmichael,Dengeli beslenmek ve yeterli su tüketmek vücudumuz için çok önemlidir.,2024-12-04 14:45:36,46,5,South Brian
garciaadam,"Grip aşısını yaptırmak, virüsün yayılmasını önlemek için önemlidir.",2024-12-01 05:17:49,68,39,East Dianamouth
devinwallace,Her gün en az 30 dakika egzersiz yapmak sağlığımız için çok önemli.,2025-01-29 17:59:40,95,21,Murphyfurt
casey86,Dengeli beslenmek ve yeterli su tüketmek vücudumuz için çok önemlidir.,2024-09-06 12:53:05,24,50,Zacharyton
justinmitchell,Dengeli beslenmek ve yeterli su tüketmek vücudumuz için çok önemlidir.,2024-08-13 22:18:38,89,17,East David
johnsondaniel,Her gün en az 30 dakika egzersiz yapmak sağlığımız için çok önemli.,2024-09-15 15:21:49,31,30,Lake Gary
kelsey39,Dengeli beslenmek ve yeterli su tüketmek vücudumuz için çok önemlidir.,2024-08-23 20:30:49,65,18,Kimton
turnerrobert,Koronavirüsten korunmak için maske takmayı ihmal etmeyin.,2024-11-25 14:43:45,94,27,Andrewsstad
ramosjay,Dengeli beslenmek ve yeterli su tüketmek vücudumuz için çok önemlidir.,2025-03-04 23:40:15,84,2,Murphyside
boyerjason,Her gün en az 30 dakika egzersiz yapmak sağlığımız için çok önemli.,2024-08-06 02:14:54,1,2,East Jose
michellelynch,Her gün en az 30 dakika egzersiz yapmak sağlığımız için çok önemli.,2025-07-11 18:15:55,13,29,Hillstad
edwardskyle,Koronavirüsten korunmak için maske takmayı ihmal etmeyin.,2024-09-15 00:08:11,95,40,Wongport
derek43,"Grip aşısını yaptırmak, virüsün yayılmasını önlemek için önemlidir.",2025-06-10 15:03:16,26,38,Port Marie
flemingcarmen,Koronavirüsten korunmak için maske takmayı ihmal etmeyin.,2025-07-03 07:15:42,90,9,Micheleton
jeffreypatel,Koronavirüsten korunmak için maske takmayı ihmal etmeyin.,2024-09-16 17:21:09,38,28,Timothyland
heidi08,"Grip aşısını yaptırmak, virüsün yayılmasını önlemek için önemlidir.",2025-06-28 23:29:58,64,33,Dawsonmouth
abigail61,Koronavirüsten korunmak için maske takmayı ihmal etmeyin.,2025-04-16 13:07:53,27,46,Seanshire
jennifer05,Koronavirüsten korunmak için maske takmayı ihmal etmeyin.,2025-02-21 20:54:39,38,33,West John
lesliemiller,Dengeli beslenmek ve yeterli su tüketmek vücudumuz için çok önemlidir.,2025-01-13 20:41:13,34,46,Danielsside
edward11,Dengeli beslenmek ve yeterli su tüketmek vücudumuz için çok önemlidir.,2024-11-18 21:55:11,79,23,Ellisonview
hfisher,"Grip aşısını yaptırmak, virüsün yayılmasını önlemek için önemlidir.",2025-06-19 10:20:58,70,43,Lauriefurt
stevenbecker,Sağlıklı yaşamak çok önemli.,2024-10-15 00:07:09,94,49,Lake Marissaview
timothystevens,Sağlıklı yaşamak çok önemli.,2024-09-18 04:44:20,26,43,South Jill
hudsontiffany,Sağlıklı yaşamak çok önemli.,2025-01-04 09:58:53,12,1,Andrewhaven
stephenshah,Her gün en az 30 dakika egzersiz yapmak sağlığımız için çok önemli.,2024-12-11 07:27:49,79,23,South Timothyport
fwerner,Her gün en az 30 dakika egzersiz yapmak sağlığımız için çok önemli.,2025-02-26 13:09:41,85,23,South Edwardfort
huntermichael,Sağlıklı yaşamak çok önemli.,2025-07-05 21:17:30,100,30,West Tinashire
williammorgan,Her gün en az 30 dakika egzersiz yapmak sağlığımız için çok önemli.,2025-01-30 09:20:32,65,29,East Emily
jerry50,Koronavirüsten korunmak için maske takmayı ihmal etmeyin.,2025-04-03 16:57:30,41,3,South Mark
emilysantos,Sağlıklı yaşamak çok önemli.,2024-12-04 20:03:36,83,29,Davilatown
villasandra,Koronavirüsten korunmak için maske takmayı ihmal etmeyin.,2025-06-06 00:00:01,66,42,Nancyborough
smithlori,Koronavirüsten korunmak için maske takmayı ihmal etmeyin.,2024-11-10 03:49:54,72,6,South Kurtview
qsanders,"Grip aşısını yaptırmak, virüsün yayılmasını önlemek için önemlidir.",2025-03-14 15:34:30,86,1,West Rachelport
mcintoshsarah,Sağlıklı yaşamak çok önemli.,2025-03-22 07:57:04,93,29,New Penny
stevenselizabeth,Dengeli beslenmek ve yeterli su tüketmek vücudumuz için çok önemlidir.,2024-10-30 05:23:59,77,42,Frazierville
tcampbell,Koronavirüsten korunmak için maske takmayı ihmal etmeyin.,2024-11-22 02:17:11,62,38,New Curtis
nataliealvarado,Sağlıklı yaşamak çok önemli.,2024-09-11 23:44:44,42,3,Hartborough
smithchristina,"Grip aşısını yaptırmak, virüsün yayılmasını önlemek için önemlidir.",2024-10-09 15:28:41,87,41,East Bryanfort
mcdanieldiane,Dengeli beslenmek ve yeterli su tüketmek vücudumuz için çok önemlidir.,2024-11-01 23:37:39,6,17,Kylefort
hurstkeith,Sağlıklı yaşamak çok önemli.,2024-11-20 11:52:21,45,28,Jenniferton
snowadam,"Grip aşısını yaptırmak, virüsün yayılmasını önlemek için önemlidir.",2025-04-08 10:49:05,57,43,Hughesstad
stacy84,"Grip aşısını yaptırmak, virüsün yayılmasını önlemek için önemlidir.",2024-11-22 22:23:53,92,15,Port Kevinside
zmartinez,Her gün en az 30 dakika egzersiz yapmak sağlığımız için çok önemli.,2025-05-10 11:02:37,15,25,East Thomasport
sandra73,Sağlıklı yaşamak çok önemli.,2024-08-25 17:59:58,100,2,Phillipsport
emiller,Koronavirüsten korunmak için maske takmayı ihmal etmeyin.,2024-10-29 22:56:12,43,4,Christopherton
jeffreyromero,Her gün en az 30 dakika egzersiz yapmak sağlığımız için çok önemli.,2024-11-18 16:05:59,3,50,Alexanderstad
mitchell32,"Grip aşısını yaptırmak, virüsün yayılmasını önlemek için önemlidir.",2024-09-03 12:17:18,59,41,South Anthonyfort
michaelrobinson,Sağlıklı yaşamak çok önemli.,2025-06-17 16:35:40,79,8,Stephaniechester
camachopatrick,Koronavirüsten korunmak için maske takmayı ihmal etmeyin.,2024-11-18 20:06:59,29,4,North Anna
john23,Sağlıklı yaşamak çok önemli.,2025-04-29 14:41:56,77,27,South Patriciahaven
fevans,Koronavirüsten korunmak için maske takmayı ihmal etmeyin.,2024-10-14 02:49:56,3,1,North Bobby
matthewsjesse,"Grip aşısını yaptırmak, virüsün yayılmasını önlemek için önemlidir.",2025-03-22 18:00:31,93,35,North Seth
andreagibbs,Sağlıklı yaşamak çok önemli.,2025-04-19 02:11:47,60,23,New Paulabury
alvarezpeter,Dengeli beslenmek ve yeterli su tüketmek vücudumuz için çok önemlidir.,2024-08-28 22:09:01,82,7,New Ronaldburgh
alee,Koronavirüsten korunmak için maske takmayı ihmal etmeyin.,2024-10-26 14:00:27,37,1,Lake George
agarcia,Sağlıklı yaşamak çok önemli.,2024-10-19 00:05:11,24,43,Port Robertfort
tgonzalez,Her gün en az 30 dakika egzersiz yapmak sağlığımız için çok önemli.,2025-07-30 01:52:30,57,12,Wiseberg
williamsalexis,"Grip aşısını yaptırmak, virüsün yayılmasını önlemek için önemlidir.",2025-06-18 21:16:12,73,27,Garciaton
zthomas,Koronavirüsten korunmak için maske takmayı ihmal etmeyin.,2025-03-26 15:42:45,68,31,Annettechester
christopher62,Dengeli beslenmek ve yeterli su tüketmek vücudumuz için çok önemlidir.,2025-05-09 12:07:51,72,5,South William
crystal35,Her gün en az 30 dakika egzersiz yapmak sağlığımız için çok önemli.,2024-08-31 09:30:07,0,27,East Charlesmouth
shawngraham,Koronavirüsten korunmak için maske takmayı ihmal etmeyin.,2025-04-15 08:00:35,50,44,Robertsville
carlos54,Her gün en az 30 dakika egzersiz yapmak sağlığımız için çok önemli.,2025-06-23 23:23:46,72,23,New Michaelview
sarabaker,Her gün en az 30 dakika egzersiz yapmak sağlığımız için çok önemli.,2025-05-07 05:32:27,45,42,East Adamborough
cisneroscaroline,"Grip aşısını yaptırmak, virüsün yayılmasını önlemek için önemlidir.",2025-04-12 10:38:09,4,20,Danaport
jamesjames,"Grip aşısını yaptırmak, virüsün yayılmasını önlemek için önemlidir.",2025-01-20 16:35:00,14,35,North Cindychester
brittanyperez,Sağlıklı yaşamak çok önemli.,2025-06-03 22:05:21,71,22,South Jessicahaven
omason,Her gün en az 30 dakika egzersiz yapmak sağlığımız için çok önemli.,2025-07-16 13:48:10,93,6,Port Laura
jacquelinebruce,Koronavirüsten korunmak için maske takmayı ihmal etmeyin.,2024-09-04 17:08:08,83,39,East Shannon
jason60,Her gün en az 30 dakika egzersiz yapmak sağlığımız için çok önemli.,2025-01-10 14:44:08,11,18,West Annaland
thomas32,Her gün en az 30 dakika egzersiz yapmak sağlığımız için çok önemli.,2025-01-31 13:48:12,65,27,North Kayla
nkrueger,Koronavirüsten korunmak için maske takmayı ihmal etmeyin.,2024-11-22 18:13:12,50,22,West Barbaraview
charlesmarquez,Sağlıklı yaşamak çok önemli.,2025-05-14 19:19:52,3,43,Gouldshire
timothyharris,"Grip aşısını yaptırmak, virüsün yayılmasını önlemek için önemlidir.",2025-05-09 02:37:11,82,16,Caseybury
mark70,Dengeli beslenmek ve yeterli su tüketmek vücudumuz için çok önemlidir.,2024-09-04 06:53:27,17,6,North Julie
brownjames,Sağlıklı yaşamak çok önemli.,2025-02-28 08:57:27,35,42,North Sharonhaven
douglas04,Sağlıklı yaşamak çok önemli.,2024-12-04 10:27:44,50,44,East Maria
cynthiamcneil,Dengeli beslenmek ve yeterli su tüketmek vücudumuz için çok önemlidir.,2024-09-01 11:53:56,55,2,Dianaview
carlosbrowning,"Grip aşısını yaptırmak, virüsün yayılmasını önlemek için önemlidir.",2024-09-19 15:28:58,98,21,Rhondaville
claire50,"Grip aşısını yaptırmak, virüsün yayılmasını önlemek için önemlidir.",2024-11-23 19:18:41,31,10,Lake Priscillabury
audrey61,"Grip aşısını yaptırmak, virüsün yayılmasını önlemek için önemlidir.",2025-07-03 03:04:32,37,42,North Kenneth
doylerachel,Dengeli beslenmek ve yeterli su tüketmek vücudumuz için çok önemlidir.,2024-11-02 05:59:25,3,6,Harristown
andrea44,"Grip aşısını yaptırmak, virüsün yayılmasını önlemek için önemlidir.",2024-10-09 19:56:00,25,30,New Jessicaland
cmanning,Koronavirüsten korunmak için maske takmayı ihmal etmeyin.,2024-08-25 22:16:39,70,29,West Davidstad
sheri00,Sağlıklı yaşamak çok önemli.,2024-08-10 09:49:32,69,11,Lake Dennis
vasquezjermaine,Koronavirüsten korunmak için maske takmayı ihmal etmeyin.,2025-07-26 00:04:57,37,25,Cherylton
robertsjesse,Her gün en az 30 dakika egzersiz yapmak sağlığımız için çok önemli.,2024-11-07 22:06:47,100,16,Hoffmanmouth
apeterson,"Grip aşısını yaptırmak, virüsün yayılmasını önlemek için önemlidir.",2025-06-14 03:47:33,99,20,Lake John
holly64,Dengeli beslenmek ve yeterli su tüketmek vücudumuz için çok önemlidir.,2025-01-06 22:31:52,36,1,Port Thomasville
gwilliams,"Grip aşısını yaptırmak, virüsün yayılmasını önlemek için önemlidir.",2024-08-19 17:51:02,64,12,Jennyton
dawsontimothy,Koronavirüsten korunmak için maske takmayı ihmal etmeyin.,2025-06-11 02:42:58,86,12,West Ann
fritzchristopher,Her gün en az 30 dakika egzersiz yapmak sağlığımız için çok önemli.,2025-04-18 05:27:40,67,5,Jasmineville
jessesmith,Koronavirüsten korunmak için maske takmayı ihmal etmeyin.,2025-06-09 18:57:28,24,33,Katherinefurt
yyork,Koronavirüsten korunmak için maske takmayı ihmal etmeyin.,2025-05-13 01:39:13,21,0,Jimenezfurt
martintheodore,Koronavirüsten korunmak için maske takmayı ihmal etmeyin.,2025-04-09 16:43:07,50,24,South Sarahport
carolinedixon,"Grip aşısını yaptırmak, virüsün yayılmasını önlemek için önemlidir.",2025-03-02 05:00:30,13,0,Evanstad
griffinkimberly,Sağlıklı yaşamak çok önemli.,2025-06-22 01:00:21,15,30,West Amandaton
rebecca02,Sağlıklı yaşamak çok önemli.,2025-05-18 08:49:07,36,33,Port Eric
jeanette71,"Grip aşısını yaptırmak, virüsün yayılmasını önlemek için önemlidir.",2025-06-02 19:32:02,56,38,Lake Jenniferport
floresjeanette,Dengeli beslenmek ve yeterli su tüketmek vücudumuz için çok önemlidir.,2024-10-14 20:58:17,43,23,South Mary
harrisonmichele,Her gün en az 30 dakika egzersiz yapmak sağlığımız için çok önemli.,2024-09-30 12:06:21,95,4,Matthewbury
camposjoseph,Koronavirüsten korunmak için maske takmayı ihmal etmeyin.,2025-06-18 16:48:29,45,0,Benjaminmouth
hwalker,Sağlıklı yaşamak çok önemli.,2025-01-17 03:54:26,91,44,New Jordan
eric35,"Grip aşısını yaptırmak, virüsün yayılmasını önlemek için önemlidir.",2024-08-29 05:03:33,6,17,Higginston
carrillomatthew,"Grip aşısını yaptırmak, virüsün yayılmasını önlemek için önemlidir.",2025-04-11 23:18:28,81,18,Lake Jessica
bryanriddle,Her gün en az 30 dakika egzersiz yapmak sağlığımız için çok önemli.,2025-03-16 11:51:52,42,3,South Danielleburgh
eballard,Her gün en az 30 dakika egzersiz yapmak sağlığımız için çok önemli.,2025-01-13 10:08:52,71,32,New Heathertown
rachel35,Koronavirüsten korunmak için maske takmayı ihmal etmeyin.,2025-01-28 04:27:24,50,31,East Mallorybury
christopher19,Her gün en az 30 dakika egzersiz yapmak sağlığımız için çok önemli.,2024-12-29 21:49:13,98,50,Johnview
lauralogan,Dengeli beslenmek ve yeterli su tüketmek vücudumuz için çok önemlidir.,2025-01-21 23:34:48,63,43,Emilyberg
ellen04,Dengeli beslenmek ve yeterli su tüketmek vücudumuz için çok önemlidir.,2024-11-30 21:08:54,87,20,Lake Austinborough
nathaniel16,Dengeli beslenmek ve yeterli su tüketmek vücudumuz için çok önemlidir.,2024-09-30 15:17:18,0,9,Davidshire
robertmorgan,Her gün en az 30 dakika egzersiz yapmak sağlığımız için çok önemli.,2025-05-15 04:51:27,43,40,Shieldsport
lherrera,Sağlıklı yaşamak çok önemli.,2024-10-03 09:01:55,9,4,New Jessica
pdaniels,Her gün en az 30 dakika egzersiz yapmak sağlığımız için çok önemli.,2024-10-27 00:35:59,31,28,West Desiree
parrishjulie,Sağlıklı yaşamak çok önemli.,2025-01-28 00:34:07,52,20,Lake Justinfurt
richard45,Dengeli beslenmek ve yeterli su tüketmek vücudumuz için çok önemlidir.,2024-08-19 00:09:18,100,5,Ericbury
parkschristy,Koronavirüsten korunmak için maske takmayı ihmal etmeyin.,2024-12-29 09:44:00,70,27,Kennethborough
wgreen,Her gün en az 30 dakika egzersiz yapmak sağlığımız için çok önemli.,2025-04-04 10:12:16,80,33,Wilsonhaven
william25,Her gün en az 30 dakika egzersiz yapmak sağlığımız için çok önemli.,2025-06-30 16:20:37,71,2,Juliaburgh
angiegreen,Her gün en az 30 dakika egzersiz yapmak sağlığımız için çok önemli.,2025-02-01 12:11:45,65,2,West Juanland
vasquezdevin,Koronavirüsten korunmak için maske takmayı ihmal etmeyin.,2024-11-21 11:48:36,7,13,Lake Lauren
susan72,"Grip aşısını yaptırmak, virüsün yayılmasını önlemek için önemlidir.",2025-05-23 14:14:05,77,34,Leeport
swright,Sağlıklı yaşamak çok önemli.,2024-11-07 13:18:02,100,20,New Sarah
wlloyd,Her gün en az 30 dakika egzersiz yapmak sağlığımız için çok önemli.,2024-12-01 13:32:35,28,22,East Jonathanstad
jfoster,"Grip aşısını yaptırmak, virüsün yayılmasını önlemek için önemlidir.",2025-07-05 03:08:24,56,6,New Rogerside
bwoods,Sağlıklı yaşamak çok önemli.,2024-10-08 13:47:34,41,37,Martinfurt
garrett41,Dengeli beslenmek ve yeterli su tüketmek vücudumuz için çok önemlidir.,2025-06-10 13:05:02,40,44,East Kevintown
jonathan30,Her gün en az 30 dakika egzersiz yapmak sağlığımız için çok önemli.,2024-11-24 01:59:07,63,33,South Johnburgh
james90,"Grip aşısını yaptırmak, virüsün yayılmasını önlemek için önemlidir.",2025-07-05 22:50:05,29,28,Jacquelineburgh
maddenaustin,Koronavirüsten korunmak için maske takmayı ihmal etmeyin.,2025-04-07 04:34:33,24,18,Lake Terri
travisgalloway,Her gün en az 30 dakika egzersiz yapmak sağlığımız için çok önemli.,2025-06-21 00:29:56,95,37,Adamfurt
ray43,Dengeli beslenmek ve yeterli su tüketmek vücudumuz için çok önemlidir.,2025-06-03 19:25:13,7,22,Michaelshire
vwilliams,Sağlıklı yaşamak çok önemli.,2025-03-29 16:30:19,77,21,West Susan
edwinpadilla,Dengeli beslenmek ve yeterli su tüketmek vücudumuz için çok önemlidir.,2024-12-19 07:42:52,4,15,South Shannon
cassandrahammond,Koronavirüsten korunmak için maske takmayı ihmal etmeyin.,2025-06-22 06:42:21,65,9,Sarahmouth
mayjacob,"Grip aşısını yaptırmak, virüsün yayılmasını önlemek için önemlidir.",2024-09-24 06:48:28,78,18,West Nathanville
mooredustin,Dengeli beslenmek ve yeterli su tüketmek vücudumuz için çok önemlidir.,2025-05-27 02:40:50,82,21,Port Dorothy
mhays,Sağlıklı yaşamak çok önemli.,2024-11-28 08:50:41,25,32,Wallsmouth
mcdanielbrooke,"Grip aşısını yaptırmak, virüsün yayılmasını önlemek için önemlidir.",2025-06-24 20:57:48,7,22,Lake Lance
kimberlyjones,Dengeli beslenmek ve yeterli su tüketmek vücudumuz için çok önemlidir.,2024-09-03 12:06:25,75,7,Longside
oyoung,Dengeli beslenmek ve yeterli su tüketmek vücudumuz için çok önemlidir.,2025-06-05 12:00:15,47,24,Bestchester
henry36,Sağlıklı yaşamak çok önemli.,2025-05-31 23:57:32,4,22,South Kevin
wsimmons,"Grip aşısını yaptırmak, virüsün yayılmasını önlemek için önemlidir.",2024-11-01 05:06:59,18,44,Schmidtshire
dakota67,"Grip aşısını yaptırmak, virüsün yayılmasını önlemek için önemlidir.",2024-10-10 15:05:50,7,30,New Jill
david99,Koronavirüsten korunmak için maske takmayı ihmal etmeyin.,2025-02-04 08:56:19,64,10,Reneehaven
eortiz,Her gün en az 30 dakika egzersiz yapmak sağlığımız için çok önemli.,2024-08-22 06:12:00,11,38,West Ryanborough
ikoch,Koronavirüsten korunmak için maske takmayı ihmal etmeyin.,2025-05-06 19:05:57,37,50,Butlerstad
ricky44,Her gün en az 30 dakika egzersiz yapmak sağlığımız için çok önemli.,2024-09-10 05:14:01,45,46,Benderside
nancy50,Her gün en az 30 dakika egzersiz yapmak sağlığımız için çok önemli.,2025-03-14 14:43:11,30,25,Hernandezville
samuelreed,Dengeli beslenmek ve yeterli su tüketmek vücudumuz için çok önemlidir.,2025-03-04 13:45:23,58,13,North Stephanieville
rachel41,Koronavirüsten korunmak için maske takmayı ihmal etmeyin.,2025-02-11 15:21:03,29,48,Johnsonmouth
ryan33,Koronavirüsten korunmak için maske takmayı ihmal etmeyin.,2024-11-18 03:36:01,83,13,West Randystad
bobby58,Dengeli beslenmek ve yeterli su tüketmek vücudumuz için çok önemlidir.,2025-04-06 14:10:24,66,26,Garciaborough
nicolecolon,"Grip aşısını yaptırmak, virüsün yayılmasını önlemek için önemlidir.",2024-12-11 12:58:52,90,8,Shariton
melissa95,Koronavirüsten korunmak için maske takmayı ihmal etmeyin.,2025-01-20 22:32:23,75,10,Schwartzchester
youngmatthew,Sağlıklı yaşamak çok önemli.,2024-08-26 05:15:52,58,33,Cherylfort
xkirby,"Grip aşısını yaptırmak, virüsün yayılmasını önlemek için önemlidir.",2025-07-22 07:53:07,60,32,Lake Bobbyberg
tammy11,Dengeli beslenmek ve yeterli su tüketmek vücudumuz için çok önemlidir.,2024-08-26 15:40:23,100,28,New Andrewburgh
pturner,"Grip aşısını yaptırmak, virüsün yayılmasını önlemek için önemlidir.",2025-04-04 10:17:17,43,34,Lake Robert
huangthomas,Sağlıklı yaşamak çok önemli.,2025-07-26 18:04:38,48,27,East Terri
quinntonya,Sağlıklı yaşamak çok önemli.,2025-01-10 21:37:07,14,50,Port Dawnport
peter76,Koronavirüsten korunmak için maske takmayı ihmal etmeyin.,2024-12-29 05:54:19,17,49,Lake Dianeport
porterdiana,"Grip aşısını yaptırmak, virüsün yayılmasını önlemek için önemlidir.",2025-07-28 20:56:11,97,28,North Meghanborough
devon70,Koronavirüsten korunmak için maske takmayı ihmal etmeyin.,2024-08-27 21:31:17,52,3,North Jenniferfurt
brettavila,Sağlıklı yaşamak çok önemli.,2024-09-08 19:06:55,23,39,New Eddieview
hvaughan,Koronavirüsten korunmak için maske takmayı ihmal etmeyin.,2025-02-25 02:25:54,52,36,Brandonfurt
ryan56,Koronavirüsten korunmak için maske takmayı ihmal etmeyin.,2025-05-26 18:23:55,80,42,Murphyton
phelpsalexander,Dengeli beslenmek ve yeterli su tüketmek vücudumuz için çok önemlidir.,2025-06-25 12:44:53,63,15,South Garymouth
bennettsandra,Sağlıklı yaşamak çok önemli.,2025-04-27 21:42:51,32,33,Markland
fjones,"Grip aşısını yaptırmak, virüsün yayılmasını önlemek için önemlidir.",2024-11-02 18:35:12,80,46,Wellschester
xdean,Dengeli beslenmek ve yeterli su tüketmek vücudumuz için çok önemlidir.,2025-07-26 01:36:53,16,18,South Scott
nhanson,Koronavirüsten korunmak için maske takmayı ihmal etmeyin.,2024-10-31 15:46:59,56,17,Paultown
ogonzalez,"Grip aşısını yaptırmak, virüsün yayılmasını önlemek için önemlidir.",2024-09-24 10:28:33,60,13,Hollandfurt
santanajennifer,Sağlıklı yaşamak çok önemli.,2025-06-02 03:58:49,41,46,Brettton
christopher11,Sağlıklı yaşamak çok önemli.,2025-07-20 19:18:41,47,44,Christensentown
kimberly29,"Grip aşısını yaptırmak, virüsün yayılmasını önlemek için önemlidir.",2025-07-07 17:42:07,96,47,Ryanberg
opeck,Koronavirüsten korunmak için maske takmayı ihmal etmeyin.,2025-07-04 23:23:36,21,42,West Charlesshire
zthompson,"Grip aşısını yaptırmak, virüsün yayılmasını önlemek için önemlidir.",2024-10-28 01:23:40,69,27,Lake Cindy
benjaminquinn,Her gün en az 30 dakika egzersiz yapmak sağlığımız için çok önemli.,2024-12-26 00:26:37,62,47,South Jonathanfort
zwalker,Koronavirüsten korunmak için maske takmayı ihmal etmeyin.,2025-03-04 11:48:49,69,35,East Jadeburgh
kyle04,"Grip aşısını yaptırmak, virüsün yayılmasını önlemek için önemlidir.",2024-12-06 10:29:58,22,21,Johnfort
hallen,"Grip aşısını yaptırmak, virüsün yayılmasını önlemek için önemlidir.",2024-12-04 17:02:01,83,24,New Jorgetown
evansdavid,Sağlıklı yaşamak çok önemli.,2025-01-08 00:39:38,52,28,Millerport
kgillespie,Dengeli beslenmek ve yeterli su tüketmek vücudumuz için çok önemlidir.,2024-11-06 11:11:19,72,50,North Brandon
juan04,Dengeli beslenmek ve yeterli su tüketmek vücudumuz için çok önemlidir.,2024-10-13 03:28:18,48,19,West Hectorport
cristina69,Dengeli beslenmek ve yeterli su tüketmek vücudumuz için çok önemlidir.,2024-12-21 04:05:37,11,42,New Jeffrey
hamiltonamy,Dengeli beslenmek ve yeterli su tüketmek vücudumuz için çok önemlidir.,2025-03-20 08:05:30,53,18,Bowmanview
cbrady,"Grip aşısını yaptırmak, virüsün yayılmasını önlemek için önemlidir.",2024-10-16 17:17:40,59,1,West Nathaniel
shelia77,Dengeli beslenmek ve yeterli su tüketmek vücudumuz için çok önemlidir.,2025-03-14 05:03:17,30,6,Lake Kristenberg
gtaylor,Sağlıklı yaşamak çok önemli.,2024-08-19 05:52:26,36,36,East Melissaburgh
sandra52,Sağlıklı yaşamak çok önemli.,2025-01-02 16:46:33,94,49,North Jessica
zbrady,"Grip aşısını yaptırmak, virüsün yayılmasını önlemek için önemlidir.",2025-04-02 08:41:42,50,4,Wilkinsmouth
cookemiguel,Koronavirüsten korunmak için maske takmayı ihmal etmeyin.,2025-04-14 05:08:37,34,41,New Shelbyshire
steinandrew,"Grip aşısını yaptırmak, virüsün yayılmasını önlemek için önemlidir.",2025-05-10 20:10:24,42,27,Brockfort
janderson,Her gün en az 30 dakika egzersiz yapmak sağlığımız için çok önemli.,2024-08-30 12:27:06,65,37,Romerohaven
ralph13,Koronavirüsten korunmak için maske takmayı ihmal etmeyin.,2024-09-13 11:37:31,79,33,Johnville
hammondjeff,Koronavirüsten korunmak için maske takmayı ihmal etmeyin.,2024-08-08 06:11:58,9,19,Michelleport
christopher45,"Grip aşısını yaptırmak, virüsün yayılmasını önlemek için önemlidir.",2024-08-06 02:10:26,52,0,Port Heather
paul53,Dengeli beslenmek ve yeterli su tüketmek vücudumuz için çok önemlidir.,2025-07-04 05:11:17,67,20,Harrisfort
whitechristine,Sağlıklı yaşamak çok önemli.,2025-06-23 21:41:15,14,6,Muellerview
johnbrown,Sağlıklı yaşamak çok önemli.,2024-08-05 20:53:08,97,48,Samuelchester
brandonschwartz,Her gün en az 30 dakika egzersiz yapmak sağlığımız için çok önemli.,2024-08-14 04:30:13,34,27,Gregoryview
henryrobert,"Grip aşısını yaptırmak, virüsün yayılmasını önlemek için önemlidir.",2024-08-28 05:39:37,29,17,Lake Joshuaburgh
xchandler,Sağlıklı yaşamak çok önemli.,2024-08-05 19:44:42,72,38,South Melissa
stephanie47,Her gün en az 30 dakika egzersiz yapmak sağlığımız için çok önemli.,2025-03-21 07:43:36,31,33,East Anthonyburgh
tracy92,Koronavirüsten korunmak için maske takmayı ihmal etmeyin.,2025-07-21 15:03:12,76,33,Port Paulashire
johndelgado,"Grip aşısını yaptırmak, virüsün yayılmasını önlemek için önemlidir.",2025-05-25 21:13:34,76,34,West Kyle
kimberlyevans,"Grip aşısını yaptırmak, virüsün yayılmasını önlemek için önemlidir.",2024-11-30 04:27:34,61,16,Marymouth
fraziertroy,Her gün en az 30 dakika egzersiz yapmak sağlığımız için çok önemli.,2025-04-03 12:18:44,45,6,East Gene
riggstimothy,Her gün en az 30 dakika egzersiz yapmak sağlığımız için çok önemli.,2024-09-10 09:52:04,81,44,Tanyabury
bensontanner,Koronavirüsten korunmak için maske takmayı ihmal etmeyin.,2025-06-21 22:12:13,88,42,South Jerryport
kimberly53,Dengeli beslenmek ve yeterli su tüketmek vücudumuz için çok önemlidir.,2025-05-12 13:40:35,39,13,Villanuevafort
michael09,Koronavirüsten korunmak için maske takmayı ihmal etmeyin.,2025-05-06 03:09:17,9,3,Pamfort
debbiedillon,Koronavirüsten korunmak için maske takmayı ihmal etmeyin.,2025-04-02 21:26:54,33,35,New Virginiafurt
lindaoliver,Dengeli beslenmek ve yeterli su tüketmek vücudumuz için çok önemlidir.,2024-10-29 13:11:32,29,38,Garyton
xthompson,Dengeli beslenmek ve yeterli su tüketmek vücudumuz için çok önemlidir.,2025-02-03 16:56:09,16,0,Alvaradofort
jcontreras,Koronavirüsten korunmak için maske takmayı ihmal etmeyin.,2024-10-10 00:34:25,51,26,Petersburgh
gloverryan,Sağlıklı yaşamak çok önemli.,2024-10-31 18:46:47,6,28,West Erikmouth
jerryjames,Koronavirüsten korunmak için maske takmayı ihmal etmeyin.,2025-01-31 12:15:12,6,10,New Michael
sdiaz,Sağlıklı yaşamak çok önemli.,2024-10-05 07:20:49,61,49,New Juanborough
gabrielmiller,Koronavirüsten korunmak için maske takmayı ihmal etmeyin.,2025-02-01 02:45:17,94,13,Port Elizabeth
moorejeffrey,Her gün en az 30 dakika egzersiz yapmak sağlığımız için çok önemli.,2025-04-28 23:50:42,98,2,North Traceystad
kyoung,Her gün en az 30 dakika egzersiz yapmak sağlığımız için çok önemli.,2024-11-02 23:19:58,80,40,New Kellyberg
jessica74,Sağlıklı yaşamak çok önemli.,2024-12-01 16:18:02,22,33,Lopezmouth
tgutierrez,Sağlıklı yaşamak çok önemli.,2025-02-15 15:15:26,81,18,Vargashaven
staceystephens,Sağlıklı yaşamak çok önemli.,2025-06-28 07:30:14,74,38,Rushtown
jennifergonzalez,"Grip aşısını yaptırmak, virüsün yayılmasını önlemek için önemlidir.",2025-07-14 08:27:59,50,26,Sandraberg
sydney57,Sağlıklı yaşamak çok önemli.,2024-11-01 09:41:12,37,48,Aaronhaven
jennifer42,Sağlıklı yaşamak çok önemli.,2025-05-27 08:19:39,20,31,Lake Kevin
davidross,Her gün en az 30 dakika egzersiz yapmak sağlığımız için çok önemli.,2025-05-20 19:39:50,67,4,Frazierhaven
tkirk,Koronavirüsten korunmak için maske takmayı ihmal etmeyin.,2025-03-31 21:38:24,7,18,Danielsshire
ebrady,"Grip aşısını yaptırmak, virüsün yayılmasını önlemek için önemlidir.",2024-10-26 02:12:39,74,21,Justinbury
chencharles,Sağlıklı yaşamak çok önemli.,2025-03-12 20:09:08,18,33,West Maryburgh
alyssa94,Koronavirüsten korunmak için maske takmayı ihmal etmeyin.,2025-01-18 17:55:15,92,28,Port Nicholasborough
iramirez,Dengeli beslenmek ve yeterli su tüketmek vücudumuz için çok önemlidir.,2024-07-30 15:42:24,77,17,East Morganborough
larsonkrista,Sağlıklı yaşamak çok önemli.,2024-10-30 15:56:03,57,7,West Jasminemouth
leslie66,"Grip aşısını yaptırmak, virüsün yayılmasını önlemek için önemlidir.",2024-09-15 06:32:18,11,16,Reedmouth
vcarter,Sağlıklı yaşamak çok önemli.,2025-04-24 11:01:27,24,27,Michaelborough
ashleyhaney,Sağlıklı yaşamak çok önemli.,2024-08-15 18:34:51,47,38,Lawrencehaven
ftodd,"Grip aşısını yaptırmak, virüsün yayılmasını önlemek için önemlidir.",2025-03-11 13:57:34,30,9,West Moniqueberg
rbarnes,Her gün en az 30 dakika egzersiz yapmak sağlığımız için çok önemli.,2025-07-24 22:15:54,19,12,South Jennifershire
laurie84,Dengeli beslenmek ve yeterli su tüketmek vücudumuz için çok önemlidir.,2025-07-20 17:34:21,34,23,Jeffreybury
christopher02,"Grip aşısını yaptırmak, virüsün yayılmasını önlemek için önemlidir.",2024-09-06 19:50:46,30,11,Ericahaven
tammy97,Dengeli beslenmek ve yeterli su tüketmek vücudumuz için çok önemlidir.,2025-03-27 08:36:15,19,33,North Shawn
ashleyadkins,Koronavirüsten korunmak için maske takmayı ihmal etmeyin.,2025-06-16 16:51:53,8,5,Lake George
arnoldemily,"Grip aşısını yaptırmak, virüsün yayılmasını önlemek için önemlidir.",2025-04-08 10:49:42,30,42,Mistyshire
lmarshall,"Grip aşısını yaptırmak, virüsün yayılmasını önlemek için önemlidir.",2024-08-14 12:18:22,0,19,West Tammy
cconner,Sağlıklı yaşamak çok önemli.,2025-01-08 02:19:16,81,4,Rachelborough
jasonshields,"Grip aşısını yaptırmak, virüsün yayılmasını önlemek için önemlidir.",2025-03-05 01:02:24,46,29,Josephfurt
sarahlopez,"Grip aşısını yaptırmak, virüsün yayılmasını önlemek için önemlidir.",2025-03-11 05:57:39,87,2,East Ericachester
kstokes,Her gün en az 30 dakika egzersiz yapmak sağlığımız için çok önemli.,2025-05-23 04:21:38,40,31,Hopkinsborough
andresgaines,"Grip aşısını yaptırmak, virüsün yayılmasını önlemek için önemlidir.",2025-06-24 02:47:30,6,42,Davidfort
piercewilliam,"Grip aşısını yaptırmak, virüsün yayılmasını önlemek için önemlidir.",2025-04-04 07:30:21,48,26,Gardnermouth
brentmcmillan,Koronavirüsten korunmak için maske takmayı ihmal etmeyin.,2024-08-23 03:08:50,45,47,Lake Ebonytown
fernandezpamela,Her gün en az 30 dakika egzersiz yapmak sağlığımız için çok önemli.,2024-08-22 10:21:58,33,37,Sanchezfurt
jessica40,Sağlıklı yaşamak çok önemli.,2025-03-24 03:22:23,50,47,Irwinside
ericaturner,Koronavirüsten korunmak için maske takmayı ihmal etmeyin.,2024-08-09 19:08:17,49,36,Wolfstad
yschroeder,Her gün en az 30 dakika egzersiz yapmak sağlığımız için çok önemli.,2025-02-13 07:23:39,3,0,Grahamtown
peckjeffrey,Her gün en az 30 dakika egzersiz yapmak sağlığımız için çok önemli.,2025-05-25 00:25:37,39,30,Williamsville
bortiz,Sağlıklı yaşamak çok önemli.,2025-05-08 06:06:39,12,19,Barnesmouth
juliestevens,Sağlıklı yaşamak çok önemli.,2025-07-21 14:19:32,28,36,New Jeremy
hpitts,"Grip aşısını yaptırmak, virüsün yayılmasını önlemek için önemlidir.",2024-09-01 00:39:49,47,34,Tuckerview
jacob23,Her gün en az 30 dakika egzersiz yapmak sağlığımız için çok önemli.,2025-05-06 11:46:39,7,47,Colemanchester
ashley41,"Grip aşısını yaptırmak, virüsün yayılmasını önlemek için önemlidir.",2025-06-09 04:40:44,27,20,Howellfort
smithmichelle,Her gün en az 30 dakika egzersiz yapmak sağlığımız için çok önemli.,2024-10-19 11:00:16,79,12,West Paulville
maldonadolarry,Koronavirüsten korunmak için maske takmayı ihmal etmeyin.,2025-04-16 02:43:45,98,1,Michaelberg
dianaponce,Koronavirüsten korunmak için maske takmayı ihmal etmeyin.,2025-05-09 00:28:02,83,1,Tarahaven
brownjoshua,Sağlıklı yaşamak çok önemli.,2024-11-13 19:53:56,67,25,Kevinborough
gbates,Her gün en az 30 dakika egzersiz yapmak sağlığımız için çok önemli.,2024-09-02 16:09:20,28,42,Jenkinsstad
gregorymoody,"Grip aşısını yaptırmak, virüsün yayılmasını önlemek için önemlidir.",2024-08-07 20:13:22,13,21,Lake Joshuaburgh
kirbyrachel,Her gün en az 30 dakika egzersiz yapmak sağlığımız için çok önemli.,2024-09-15 04:22:23,20,40,East Jeanette
twilson,Her gün en az 30 dakika egzersiz yapmak sağlığımız için çok önemli.,2024-12-22 11:53:45,36,12,South Brittany
bball,Dengeli beslenmek ve yeterli su tüketmek vücudumuz için çok önemlidir.,2024-11-30 03:07:09,74,48,Hartmanburgh
shawnnelson,Dengeli beslenmek ve yeterli su tüketmek vücudumuz için çok önemlidir.,2025-07-15 09:50:06,92,21,Tammyville
jackarias,Dengeli beslenmek ve yeterli su tüketmek vücudumuz için çok önemlidir.,2025-03-02 13:29:56,51,33,Johnville
klinemaureen,Koronavirüsten korunmak için maske takmayı ihmal etmeyin.,2024-11-12 07:10:37,35,21,Ellisburgh
heidi28,Dengeli beslenmek ve yeterli su tüketmek vücudumuz için çok önemlidir.,2025-07-23 02:20:59,53,33,West William
ubush,Koronavirüsten korunmak için maske takmayı ihmal etmeyin.,2025-01-20 00:43:29,85,37,Audreyton
kbailey,Dengeli beslenmek ve yeterli su tüketmek vücudumuz için çok önemlidir.,2025-07-26 19:35:18,50,22,New Michaelton
thomas01,Koronavirüsten korunmak için maske takmayı ihmal etmeyin.,2025-01-14 19:20:22,86,20,Port Mistyport
santiagojames,Dengeli beslenmek ve yeterli su tüketmek vücudumuz için çok önemlidir.,2024-09-29 01:24:31,86,14,Jakeside
jessica25,"Grip aşısını yaptırmak, virüsün yayılmasını önlemek için önemlidir.",2024-12-13 09:25:44,40,32,Alicehaven
haynessara,Her gün en az 30 dakika egzersiz yapmak sağlığımız için çok önemli.,2025-01-23 22:20:19,19,0,South Gabrielview
xsaunders,Dengeli beslenmek ve yeterli su tüketmek vücudumuz için çok önemlidir.,2025-06-09 23:46:00,65,21,New Matthew
schultzsteven,Koronavirüsten korunmak için maske takmayı ihmal etmeyin.,2024-12-17 02:46:39,48,4,North Samantha
carolsweeney,Dengeli beslenmek ve yeterli su tüketmek vücudumuz için çok önemlidir.,2024-11-15 16:21:46,66,17,Brownfurt
wilsonjames,Dengeli beslenmek ve yeterli su tüketmek vücudumuz için çok önemlidir.,2024-10-02 13:04:25,72,45,South Laura
kylewarren,"Grip aşısını yaptırmak, virüsün yayılmasını önlemek için önemlidir.",2024-10-08 21:54:30,74,12,West Justin
louisfields,"Grip aşısını yaptırmak, virüsün yayılmasını önlemek için önemlidir.",2025-07-04 16:54:50,100,16,Desireeberg
roseerica,"Grip aşısını yaptırmak, virüsün yayılmasını önlemek için önemlidir.",2025-01-16 21:00:41,3,12,Lake Jessica
ronald11,Koronavirüsten korunmak için maske takmayı ihmal etmeyin.,2025-01-18 11:34:46,75,36,Hendersonview
drewknight,Dengeli beslenmek ve yeterli su tüketmek vücudumuz için çok önemlidir.,2024-08-04 00:14:01,30,48,Housemouth
zachary17,Her gün en az 30 dakika egzersiz yapmak sağlığımız için çok önemli.,2025-06-29 04:37:09,61,19,New Lorettashire
vwilson,Sağlıklı yaşamak çok önemli.,2025-03-05 11:36:37,48,16,Chelseymouth
afuentes,"Grip aşısını yaptırmak, virüsün yayılmasını önlemek için önemlidir.",2025-06-14 00:41:29,11,30,Port Michaelchester
jennifer65,Sağlıklı yaşamak çok önemli.,2024-08-17 02:05:35,75,45,Jessicatown
dana22,Sağlıklı yaşamak çok önemli.,2025-05-29 17:22:03,33,4,Thomaschester
emilygarcia,Koronavirüsten korunmak için maske takmayı ihmal etmeyin.,2025-04-14 04:54:21,86,50,South Peter
jrogers,"Grip aşısını yaptırmak, virüsün yayılmasını önlemek için önemlidir.",2025-04-22 19:56:40,20,45,Jacksonberg
schultzrichard,Sağlıklı yaşamak çok önemli.,2025-04-10 22:19:21,100,7,North Julianfurt
lawsonheather,Her gün en az 30 dakika egzersiz yapmak sağlığımız için çok önemli.,2024-09-04 23:07:52,95,11,New Gregoryberg
allenjulie,"Grip aşısını yaptırmak, virüsün yayılmasını önlemek için önemlidir.",2024-09-10 14:42:00,6,6,Roberthaven
millerdebra,Sağlıklı yaşamak çok önemli.,2024-09-22 18:18:32,69,0,North Johnton
cody99,Her gün en az 30 dakika egzersiz yapmak sağlığımız için çok önemli.,2024-09-15 02:47:36,59,12,New Walter
urodriguez,Sağlıklı yaşamak çok önemli.,2024-08-13 23:12:09,54,37,Port Ashleyhaven
ismith,Her gün en az 30 dakika egzersiz yapmak sağlığımız için çok önemli.,2025-07-22 05:47:09,15,1,East Jonathanshire
stephaniemarshall,Dengeli beslenmek ve yeterli su tüketmek vücudumuz için çok önemlidir.,2025-04-02 11:55:19,33,22,Colleenstad
wilsonjohn,Sağlıklı yaşamak çok önemli.,2024-12-31 20:20:40,34,29,Davisport
kristythompson,Dengeli beslenmek ve yeterli su tüketmek vücudumuz için çok önemlidir.,2025-07-13 17:43:39,57,19,Lake Zachary
zmorgan,"Grip aşısını yaptırmak, virüsün yayılmasını önlemek için önemlidir.",2024-09-29 23:17:28,21,5,Robbinsside
emccullough,"Grip aşısını yaptırmak, virüsün yayılmasını önlemek için önemlidir.",2025-04-18 01:14:23,34,44,New Tracybury
archerlarry,Her gün en az 30 dakika egzersiz yapmak sağlığımız için çok önemli.,2024-09-23 22:23:20,49,17,Carpenterbury
joseph28,Koronavirüsten korunmak için maske takmayı ihmal etmeyin.,2025-05-22 07:31:20,40,42,Staceyhaven
bjenkins,Dengeli beslenmek ve yeterli su tüketmek vücudumuz için çok önemlidir.,2024-11-16 09:12:26,57,40,South Tyler
wmartin,Koronavirüsten korunmak için maske takmayı ihmal etmeyin.,2024-11-13 20:53:29,87,19,Lake Eddieburgh
courtneygreen,Sağlıklı yaşamak çok önemli.,2025-05-05 20:11:18,18,38,Port Carlosmouth
ericadavis,Sağlıklı yaşamak çok önemli.,2024-10-27 03:22:41,96,37,West Katherineborough
paul03,Sağlıklı yaşamak çok önemli.,2025-05-20 07:55:31,77,13,Bowenshire
smason,"Grip aşısını yaptırmak, virüsün yayılmasını önlemek için önemlidir.",2024-12-08 13:51:06,25,5,New Robert
charles04,Sağlıklı yaşamak çok önemli.,2025-06-07 14:45:10,10,26,New Kristinchester
chall,Koronavirüsten korunmak için maske takmayı ihmal etmeyin.,2025-05-03 04:43:57,10,22,Harrisfort
danielhurley,Sağlıklı yaşamak çok önemli.,2024-12-09 18:07:07,28,23,Jonathanhaven
clarkmadison,Sağlıklı yaşamak çok önemli.,2025-04-09 23:59:03,76,8,Sherryport
jennifer33,Koronavirüsten korunmak için maske takmayı ihmal etmeyin.,2025-05-12 21:55:21,93,42,New Michael
jamesraymond,"Grip aşısını yaptırmak, virüsün yayılmasını önlemek için önemlidir.",2025-02-20 20:49:10,45,12,Lake Melissamouth
rwells,"Grip aşısını yaptırmak, virüsün yayılmasını önlemek için önemlidir.",2025-02-11 15:09:55,51,44,West David
woodslisa,Koronavirüsten korunmak için maske takmayı ihmal etmeyin.,2025-06-17 04:36:06,78,28,Port Bruce
carterjessica,Her gün en az 30 dakika egzersiz yapmak sağlığımız için çok önemli.,2024-11-13 11:29:16,87,24,Lake Emilymouth
amy96,Sağlıklı yaşamak çok önemli.,2024-12-14 08:10:04,95,2,Lake Mark
esullivan,Sağlıklı yaşamak çok önemli.,2024-08-26 13:11:27,9,47,Glassland
estradajessica,Dengeli beslenmek ve yeterli su tüketmek vücudumuz için çok önemlidir.,2025-06-20 04:53:39,53,22,South Briantown
dmiller,Dengeli beslenmek ve yeterli su tüketmek vücudumuz için çok önemlidir.,2025-07-29 13:08:06,78,6,Christinemouth
ramosrobert,"Grip aşısını yaptırmak, virüsün yayılmasını önlemek için önemlidir.",2025-02-08 22:58:44,58,5,Greenside
tiffany65,Dengeli beslenmek ve yeterli su tüketmek vücudumuz için çok önemlidir.,2024-10-05 13:44:42,68,23,Gonzalesstad
stantondanielle,"Grip aşısını yaptırmak, virüsün yayılmasını önlemek için önemlidir.",2025-02-18 04:50:57,79,8,Port James
chapmanjoseph,"Grip aşısını yaptırmak, virüsün yayılmasını önlemek için önemlidir.",2025-05-04 14:21:36,30,5,Andradefurt
gayhunter,"Grip aşısını yaptırmak, virüsün yayılmasını önlemek için önemlidir.",2025-05-14 00:38:08,40,13,Brittanyshire
alan82,"Grip aşısını yaptırmak, virüsün yayılmasını önlemek için önemlidir.",2024-11-09 06:22:09,5,9,Kimberlymouth
michael85,Dengeli beslenmek ve yeterli su tüketmek vücudumuz için çok önemlidir.,2025-01-03 01:33:42,2,2,Thompsonton
peter74,Her gün en az 30 dakika egzersiz yapmak sağlığımız için çok önemli.,2025-01-04 05:28:48,10,46,South Marktown
robert39,Dengeli beslenmek ve yeterli su tüketmek vücudumuz için çok önemlidir.,2024-12-14 21:59:51,2,17,Brianview
daniel43,Dengeli beslenmek ve yeterli su tüketmek vücudumuz için çok önemlidir.,2025-04-08 10:54:54,17,42,Lake Jacob
nwilliams,Koronavirüsten korunmak için maske takmayı ihmal etmeyin.,2025-07-25 10:22:29,26,24,Wallershire
darrellandersen,Sağlıklı yaşamak çok önemli.,2024-08-08 01:27:03,55,4,South Savannah
christopherowens,Koronavirüsten korunmak için maske takmayı ihmal etmeyin.,2025-05-08 23:21:58,55,27,South Tiffany
rcarroll,Her gün en az 30 dakika egzersiz yapmak sağlığımız için çok önemli.,2025-04-04 15:58:03,17,34,Jonesbury
sbenson,"Grip aşısını yaptırmak, virüsün yayılmasını önlemek için önemlidir.",2024-08-26 18:01:02,84,15,Lake Jamieville
susan20,Dengeli beslenmek ve yeterli su tüketmek vücudumuz için çok önemlidir.,2024-12-26 16:14:07,46,12,Melissahaven
joshua76,Koronavirüsten korunmak için maske takmayı ihmal etmeyin.,2025-05-04 18:51:05,31,31,New Jason
elizabethharper,Sağlıklı yaşamak çok önemli.,2024-10-26 10:37:08,38,0,Evansshire
barkerkimberly,"Grip aşısını yaptırmak, virüsün yayılmasını önlemek için önemlidir.",2025-03-16 06:27:06,93,45,Jessicaburgh
ksavage,Dengeli beslenmek ve yeterli su tüketmek vücudumuz için çok önemlidir.,2025-06-18 05:55:14,79,20,North Leonard
melaniefry,Koronavirüsten korunmak için maske takmayı ihmal etmeyin.,2025-05-16 03:32:20,29,26,North Jackside
michelle18,Dengeli beslenmek ve yeterli su tüketmek vücudumuz için çok önemlidir.,2025-07-26 13:27:29,61,47,New Tiffanystad
uchandler,Dengeli beslenmek ve yeterli su tüketmek vücudumuz için çok önemlidir.,2025-05-31 06:17:11,20,17,East Susanton
angel60,Koronavirüsten korunmak için maske takmayı ihmal etmeyin.,2025-07-04 09:30:11,60,28,New Waltermouth
reedsamuel,Dengeli beslenmek ve yeterli su tüketmek vücudumuz için çok önemlidir.,2025-07-16 13:16:06,17,18,East Jenniferhaven
sanchezstephanie,Dengeli beslenmek ve yeterli su tüketmek vücudumuz için çok önemlidir.,2024-11-02 08:23:20,43,11,New Markstad
williamsbenjamin,"Grip aşısını yaptırmak, virüsün yayılmasını önlemek için önemlidir.",2024-09-28 09:19:26,94,28,North Alexandraborough
curtis93,Sağlıklı yaşamak çok önemli.,2025-03-06 16:26:20,36,26,Matthewshire
hudsonraymond,Her gün en az 30 dakika egzersiz yapmak sağlığımız için çok önemli.,2025-06-23 22:27:03,99,31,Lake Cynthia
saraleonard,Dengeli beslenmek ve yeterli su tüketmek vücudumuz için çok önemlidir.,2025-06-03 03:20:06,41,39,East Marissa
mccarthysarah,Dengeli beslenmek ve yeterli su tüketmek vücudumuz için çok önemlidir.,2024-09-24 19:21:28,11,23,West Michaelberg
crystaljones,"Grip aşısını yaptırmak, virüsün yayılmasını önlemek için önemlidir.",2024-12-11 01:32:28,58,33,North Heatherburgh
xmoore,Her gün en az 30 dakika egzersiz yapmak sağlığımız için çok önemli.,2024-08-22 00:23:26,50,37,New Andrea
bholder,Sağlıklı yaşamak çok önemli.,2024-09-27 15:10:18,91,1,New Joseph
rtaylor,Sağlıklı yaşamak çok önemli.,2024-11-16 21:39:56,5,22,Carrietown
tamarajohnson,Koronavirüsten korunmak için maske takmayı ihmal etmeyin.,2025-03-08 04:29:35,6,48,Richardsonmouth
angela66,"Grip aşısını yaptırmak, virüsün yayılmasını önlemek için önemlidir.",2024-12-29 18:10:28,78,26,Sarabury
price,Dengeli beslenmek ve yeterli su tüketmek vücudumuz için çok önemlidir.,2025-07-24 23:09:40,69,35,Ortizland
elizabethperez,Koronavirüsten korunmak için maske takmayı ihmal etmeyin.,2025-01-24 05:27:41,28,49,Josephfurt
samuel55,Koronavirüsten korunmak için maske takmayı ihmal etmeyin.,2025-03-05 08:33:21,40,32,North Timothyburgh
smithchristopher,Dengeli beslenmek ve yeterli su tüketmek vücudumuz için çok önemlidir.,2025-06-01 23:32:26,43,14,Dawnhaven
peter67,Sağlıklı yaşamak çok önemli.,2025-07-04 00:09:37,45,37,Nancyton
qthomas,Her gün en az 30 dakika egzersiz yapmak sağlığımız için çok önemli.,2025-07-10 02:05:56,71,3,East Terri
cwhitehead,Sağlıklı yaşamak çok önemli.,2025-05-11 01:01:45,1,20,West Brooke
cruzamber,Koronavirüsten korunmak için maske takmayı ihmal etmeyin.,2025-02-08 01:06:54,38,46,Harryland
pkelly,"Grip aşısını yaptırmak, virüsün yayılmasını önlemek için önemlidir.",2025-02-11 01:41:27,63,1,West Susan
wattscorey,Her gün en az 30 dakika egzersiz yapmak sağlığımız için çok önemli.,2024-08-29 01:48:48,80,8,New Jasonmouth
sarah49,Koronavirüsten korunmak için maske takmayı ihmal etmeyin.,2025-05-30 22:17:11,53,34,Summerburgh
vanessa21,Her gün en az 30 dakika egzersiz yapmak sağlığımız için çok önemli.,2025-03-02 03:58:43,94,16,Kirbyview
pricedale,Her gün en az 30 dakika egzersiz yapmak sağlığımız için çok önemli.,2025-05-08 19:05:15,95,42,Johnsonville
michael45,"Grip aşısını yaptırmak, virüsün yayılmasını önlemek için önemlidir.",2024-08-01 02:09:13,47,19,Port Tylerville
matthewgrant,Sağlıklı yaşamak çok önemli.,2024-11-26 05:58:55,91,11,Davisfurt
scarpenter,Koronavirüsten korunmak için maske takmayı ihmal etmeyin.,2025-05-31 17:15:09,97,34,Rachelside
nicole02,Dengeli beslenmek ve yeterli su tüketmek vücudumuz için çok önemlidir.,2024-11-26 15:06:46,33,48,Lancestad
cnorman,"Grip aşısını yaptırmak, virüsün yayılmasını önlemek için önemlidir.",2025-07-14 06:08:37,20,1,Drewstad
melissa45,Koronavirüsten korunmak için maske takmayı ihmal etmeyin.,2024-10-19 11:06:22,34,39,Griffinfort
richardbright,Her gün en az 30 dakika egzersiz yapmak sağlığımız için çok önemli.,2025-04-18 04:03:19,72,42,New Betty
stacy91,"Grip aşısını yaptırmak, virüsün yayılmasını önlemek için önemlidir.",2024-08-07 18:16:12,91,38,Thomasville
cody73,Koronavirüsten korunmak için maske takmayı ihmal etmeyin.,2024-10-22 12:50:18,70,45,Phillipsbury
nstevens,Dengeli beslenmek ve yeterli su tüketmek vücudumuz için çok önemlidir.,2024-11-09 04:21:20,65,43,Bridgetville
vwilson,Koronavirüsten korunmak için maske takmayı ihmal etmeyin.,2024-11-10 05:31:31,56,12,Danielleland
mbanks,"Grip aşısını yaptırmak, virüsün yayılmasını önlemek için önemlidir.",2024-11-11 16:26:50,78,9,Patelchester
meganmontes,"Grip aşısını yaptırmak, virüsün yayılmasını önlemek için önemlidir.",2025-02-09 09:59:35,46,32,Port Christopher
allisonhaynes,Dengeli beslenmek ve yeterli su tüketmek vücudumuz için çok önemlidir.,2025-06-28 13:18:16,81,4,Johnfurt
julie35,Her gün en az 30 dakika egzersiz yapmak sağlığımız için çok önemli.,2024-12-18 19:49:54,91,47,Melissaville
ramseyanthony,Her gün en az 30 dakika egzersiz yapmak sağlığımız için çok önemli.,2025-04-23 16:46:23,13,23,Kyliefort
richardsonlinda,Dengeli beslenmek ve yeterli su tüketmek vücudumuz için çok önemlidir.,2025-01-22 19:11:55,29,38,East Craigside
andersonangela,Dengeli beslenmek ve yeterli su tüketmek vücudumuz için çok önemlidir.,2025-05-11 21:28:05,81,35,Carterborough
tiffanykrause,Her gün en az 30 dakika egzersiz yapmak sağlığımız için çok önemli.,2025-03-03 02:57:45,79,17,Smithchester
kristincunningham,Dengeli beslenmek ve yeterli su tüketmek vücudumuz için çok önemlidir.,2025-06-21 00:50:29,93,43,Morrisbury
stephanieclarke,Koronavirüsten korunmak için maske takmayı ihmal etmeyin.,2025-01-26 17:36:42,54,6,Port Pennyton
martin37,"Grip aşısını yaptırmak, virüsün yayılmasını önlemek için önemlidir.",2024-12-23 09:14:16,23,42,Paulchester
johnsanchez,Sağlıklı yaşamak çok önemli.,2025-03-24 18:35:38,48,34,Jimmyfort
hannah93,"Grip aşısını yaptırmak, virüsün yayılmasını önlemek için önemlidir.",2024-09-03 08:05:44,25,1,East Chloeview
